taxonomy,return_period,structural
RM,100,2.35503E+02
RM,200,6.26310E+02
RM,500,2.39994E+03
RC+,100,0.00000E+00
RC+,200,1.03597E+02
RC+,500,1.11997E+03
