rlzi,sid,eid,gmv_SA(0.3)
0,0,0,3.899180E-01
0,0,1,2.827400E-01
0,1,1,2.500605E-01
0,1,2,1.544845E-01
