annual_frequency_of_exceedence,return_period,nonstructural,structural
3.33333E-02,30,NAN,NAN
1.66667E-02,60,0.00000E+00,0.00000E+00
8.33333E-03,120,0.00000E+00,1.50278E+02
4.16667E-03,240,4.31950E+02,1.41793E+03
2.08333E-03,480,1.20705E+03,3.32757E+03
1.04167E-03,960,1.56933E+03,6.16004E+03
