annual_frequency_of_exceedence,return_period,nonstructural,structural
3.33333E-02,30,NAN,NAN
1.66667E-02,60,0.00000E+00,0.00000E+00
8.33333E-03,120,0.00000E+00,1.35980E+02
4.16667E-03,240,3.56515E+02,1.22748E+03
2.08333E-03,480,1.11714E+03,2.81318E+03
1.04167E-03,960,1.44075E+03,4.97082E+03
